category,Bs.
Wed Jun 26 2024,9.1
Thu Jun 27 2024,9.27
Fri Jun 28 2024,9.25
Sat Jun 29 2024,9.2
Sun Jun 30 2024,9.23
Mon Jul 01 2024,9.23
Tue Jul 02 2024,9.26
Wed Jul 03 2024,9.45
Thu Jul 04 2024,9.65
Fri Jul 05 2024,9.81
Sat Jul 06 2024,9.93
Sun Jul 07 2024,9.84
Mon Jul 08 2024,9.86
Tue Jul 09 2024,9.86
Wed Jul 10 2024,9.9
Thu Jul 11 2024,9.99
Fri Jul 12 2024,10.27
Sat Jul 13 2024,10.14
Sun Jul 14 2024,10.16
Mon Jul 15 2024,10.07
Tue Jul 16 2024,10.08
Wed Jul 17 2024,10.05
Thu Jul 18 2024,10.2
Fri Jul 19 2024,10.19
Sat Jul 20 2024,10.15
Sun Jul 21 2024,10.18
Mon Jul 22 2024,10.2
Tue Jul 23 2024,10.21
Wed Jul 24 2024,10.44
Thu Jul 25 2024,10.86
Fri Jul 26 2024,11.3
Sat Jul 27 2024,11.22
Sun Jul 28 2024,11.27
Mon Jul 29 2024,11.01
Tue Jul 30 2024,11.87
Wed Jul 31 2024,13.29
Thu Aug 01 2024,13.39
Fri Aug 02 2024,13.31
Sat Aug 03 2024,13.13
Sun Aug 04 2024,13.05
Mon Aug 05 2024,13
Tue Aug 06 2024,12.89
Tue Aug 06 2024,12.86
Tue Aug 06 2024,12.82
Tue Aug 06 2024,12.72
Tue Aug 06 2024,12.44
Tue Aug 06 2024,12.06
Tue Aug 06 2024,11.99
Tue Aug 06 2024,12.88
Tue Aug 06 2024,12.57
Tue Aug 06 2024,12.56
Tue Aug 06 2024,12.77
Tue Aug 06 2024,12.72
Tue Aug 06 2024,12.65
Tue Aug 06 2024,12.77
Tue Aug 06 2024,12.76
Wed Aug 07 2024,12.8
Wed Aug 07 2024,12.77
Wed Aug 07 2024,12.6
Wed Aug 07 2024,12.47
Wed Aug 07 2024,12.52
Wed Aug 07 2024,12.44
Wed Aug 07 2024,12.33
Wed Aug 07 2024,12.49
Wed Aug 07 2024,12.59
Wed Aug 07 2024,12.57
Wed Aug 07 2024,12.5
Wed Aug 07 2024,12.46
Wed Aug 07 2024,12.56
Thu Aug 08 2024,12.52
Thu Aug 08 2024,12.43
Thu Aug 08 2024,12.34
Thu Aug 08 2024,12.35
Thu Aug 08 2024,12.29
Thu Aug 08 2024,11.62
Thu Aug 08 2024,11.65
Thu Aug 08 2024,11.74
Thu Aug 08 2024,11.88
Thu Aug 08 2024,11.68
Thu Aug 08 2024,11.71
Thu Aug 08 2024,11.69
Thu Aug 08 2024,11.66
Thu Aug 08 2024,11.56
Thu Aug 08 2024,11.6
Thu Aug 08 2024,11.59
Thu Aug 08 2024,11.58
Thu Aug 08 2024,11.52
Thu Aug 08 2024,11.42
Thu Aug 08 2024,10.98
Thu Aug 08 2024,10.85
Thu Aug 08 2024,10.86
Thu Aug 08 2024,11.21
Thu Aug 08 2024,11.18
Thu Aug 08 2024,11.17
Thu Aug 08 2024,11.18
Fri Aug 09 2024,11.1
Fri Aug 09 2024,11.06
Fri Aug 09 2024,11.03
Fri Aug 09 2024,10.86
Fri Aug 09 2024,10.76
Fri Aug 09 2024,10.77
Fri Aug 09 2024,11.04
Fri Aug 09 2024,10.96
Fri Aug 09 2024,10.83
Fri Aug 09 2024,10.84
Fri Aug 09 2024,10.85
Fri Aug 09 2024,10.92
Fri Aug 09 2024,10.99
Fri Aug 09 2024,11.01
Fri Aug 09 2024,11.1
Fri Aug 09 2024,11.08
Fri Aug 09 2024,11.1
Fri Aug 09 2024,11.12
Fri Aug 09 2024,11.07
Fri Aug 09 2024,10.88
Fri Aug 09 2024,10.96
Fri Aug 09 2024,10.98
Fri Aug 09 2024,10.97
Sat Aug 10 2024,10.92
Sat Aug 10 2024,10.89
Sat Aug 10 2024,10.87
Sat Aug 10 2024,10.85
Sat Aug 10 2024,10.89
Sun Aug 11 2024,10.91
Sun Aug 11 2024,10.96
Sun Aug 11 2024,10.93
Sun Aug 11 2024,10.89
Mon Aug 12 2024,10.93
Mon Aug 12 2024,10.96
Tue Aug 13 2024,10.89
Tue Aug 13 2024,10.85
Tue Aug 13 2024,10.9
Tue Aug 13 2024,10.92
Wed Aug 14 2024,10.91
Wed Aug 14 2024,10.92
Thu Aug 15 2024,10.93
Thu Aug 15 2024,10.96
Thu Aug 15 2024,10.98
Fri Aug 16 2024,10.97
Fri Aug 16 2024,11.03
Fri Aug 16 2024,11.32
Fri Aug 16 2024,11.41
Sat Aug 17 2024,11.23
Sat Aug 17 2024,11.2
Sat Aug 17 2024,11.13
Sat Aug 17 2024,11.06
Sat Aug 17 2024,11.11
Sun Aug 18 2024,11.09
Sun Aug 18 2024,11.02
Sun Aug 18 2024,11.09
Sun Aug 18 2024,11.07
Mon Aug 19 2024,11.04
Wed Aug 21 2024,11.02
Thu Aug 22 2024,10.98
Thu Aug 22 2024,10.88
Thu Aug 22 2024,10.9
Fri Aug 23 2024,10.87
Fri Aug 23 2024,10.85
Fri Aug 23 2024,10.82
Sat Aug 24 2024,10.78
Sat Aug 24 2024,10.82
Sat Aug 24 2024,10.77
Sat Aug 24 2024,10.8
Sat Aug 24 2024,10.79
Sun Aug 25 2024,10.76
Sun Aug 25 2024,10.83
Mon Aug 26 2024,10.79
Mon Aug 26 2024,10.77
Mon Aug 26 2024,10.75
Tue Aug 27 2024,10.79
Tue Aug 27 2024,10.91
Tue Aug 27 2024,10.86
Tue Aug 27 2024,10.85
Wed Aug 28 2024,10.88
Wed Aug 28 2024,10.87
Wed Aug 28 2024,10.88
Thu Aug 29 2024,10.87
Thu Aug 29 2024,10.89
Thu Aug 29 2024,10.9
Thu Aug 29 2024,10.89
Fri Aug 30 2024,10.86
Fri Aug 30 2024,10.85
Sat Aug 31 2024,10.8
Sat Aug 31 2024,10.77
Sun Sep 01 2024,10.76
Mon Sep 02 2024,10.74
Mon Sep 02 2024,10.75
Mon Sep 02 2024,10.74
Tue Sep 03 2024,10.75
Tue Sep 03 2024,10.76
Wed Sep 04 2024,10.74
Wed Sep 04 2024,10.73
Thu Sep 05 2024,10.68
Thu Sep 05 2024,10.6
Thu Sep 05 2024,10.46
Thu Sep 05 2024,10.52
Fri Sep 06 2024,10.51
Fri Sep 06 2024,10.46
Fri Sep 06 2024,10.45
Sat Sep 07 2024,10.33
Sat Sep 07 2024,10.15
Sat Sep 07 2024,10.23
Sat Sep 07 2024,10.12
Sat Sep 07 2024,10.15
Sun Sep 08 2024,10.12
Sun Sep 08 2024,10.18
Sun Sep 08 2024,10.24
Sun Sep 08 2024,10.36
Sun Sep 08 2024,10.32
Sun Sep 08 2024,10.27
Mon Sep 09 2024,10.19
Mon Sep 09 2024,10.21
Mon Sep 09 2024,10.22
Mon Sep 09 2024,10.19
Tue Sep 10 2024,10.18
Tue Sep 10 2024,10.19
Tue Sep 10 2024,10.21
Tue Sep 10 2024,10.25
Tue Sep 10 2024,10.31
Wed Sep 11 2024,10.43
Wed Sep 11 2024,10.65
Wed Sep 11 2024,10.46
Wed Sep 11 2024,10.45
Wed Sep 11 2024,10.57
Wed Sep 11 2024,10.54
Thu Sep 12 2024,10.64
Thu Sep 12 2024,10.74
Thu Sep 12 2024,10.76
Fri Sep 13 2024,10.73
Fri Sep 13 2024,10.81
Fri Sep 13 2024,10.79
Fri Sep 13 2024,10.78
Fri Sep 13 2024,10.69
Fri Sep 13 2024,10.57
Sat Sep 14 2024,10.54
Sat Sep 14 2024,10.55
Sat Sep 14 2024,10.57
Sat Sep 14 2024,10.52
Sun Sep 15 2024,10.51
Sun Sep 15 2024,10.58
Sun Sep 15 2024,10.65
Mon Sep 16 2024,10.53
Mon Sep 16 2024,10.5
Mon Sep 16 2024,10.56
Tue Sep 17 2024,10.6
Tue Sep 17 2024,10.63
Tue Sep 17 2024,10.62
Wed Sep 18 2024,10.59
Wed Sep 18 2024,10.6
Thu Sep 19 2024,10.58
Fri Sep 20 2024,10.56
Sat Sep 21 2024,10.54
Sat Sep 21 2024,10.53
Sun Sep 22 2024,10.54
Sun Sep 22 2024,10.55
Mon Sep 23 2024,10.54
Tue Sep 24 2024,10.58
Wed Sep 25 2024,10.57
Wed Sep 25 2024,10.58
Wed Sep 25 2024,10.61
Thu Sep 26 2024,10.6
Thu Sep 26 2024,10.63
Thu Sep 26 2024,10.69
Thu Sep 26 2024,10.68
Fri Sep 27 2024,10.59
Fri Sep 27 2024,10.62
Fri Sep 27 2024,10.63
Sat Sep 28 2024,10.59
Sun Sep 29 2024,10.58
Sun Sep 29 2024,10.59
Mon Sep 30 2024,10.55
Mon Sep 30 2024,10.54
Tue Oct 01 2024,10.46
Tue Oct 01 2024,10.5
Tue Oct 01 2024,10.51
Wed Oct 02 2024,10.5
Wed Oct 02 2024,10.56
Wed Oct 02 2024,10.55
Wed Oct 02 2024,10.56
Fri Oct 04 2024,10.53
Fri Oct 04 2024,10.51
Sat Oct 05 2024,10.48
Sun Oct 06 2024,10.47
Mon Oct 07 2024,10.46
Mon Oct 07 2024,10.48
Tue Oct 08 2024,10.53
Tue Oct 08 2024,10.55
Wed Oct 09 2024,10.56
Wed Oct 09 2024,10.58
Wed Oct 09 2024,10.59
Thu Oct 10 2024,10.58
Thu Oct 10 2024,10.61
Fri Oct 11 2024,10.59
Sat Oct 12 2024,10.56
Sat Oct 12 2024,10.54
Sun Oct 13 2024,10.55
Mon Oct 14 2024,10.54
Mon Oct 14 2024,10.57
Tue Oct 15 2024,10.56
Tue Oct 15 2024,10.57
Tue Oct 15 2024,10.58
Wed Oct 16 2024,10.59
Thu Oct 17 2024,10.62
Fri Oct 18 2024,10.61
Sat Oct 19 2024,10.6
Sun Oct 20 2024,10.62
Mon Oct 21 2024,10.65
Wed Oct 23 2024,10.64
Wed Oct 23 2024,10.63
Thu Oct 24 2024,10.65
Sat Oct 26 2024,10.63
Sun Oct 27 2024,10.62
Mon Oct 28 2024,10.6
Mon Oct 28 2024,10.63
Tue Oct 29 2024,10.64
Thu Oct 31 2024,10.63
Thu Oct 31 2024,10.62
Fri Nov 01 2024,10.6
Fri Nov 01 2024,10.61
Sat Nov 02 2024,10.59
Sun Nov 03 2024,10.58
Mon Nov 04 2024,10.53
Mon Nov 04 2024,10.55
Wed Nov 06 2024,10.53
Thu Nov 07 2024,10.51
Fri Nov 08 2024,10.49
Mon Nov 11 2024,10.51
Tue Nov 12 2024,10.52
Wed Nov 13 2024,10.57
Thu Nov 14 2024,10.6
Fri Nov 15 2024,10.61
Fri Nov 15 2024,10.66
Sat Nov 16 2024,10.64
Sat Nov 16 2024,10.63
Sat Nov 16 2024,10.64
Sun Nov 17 2024,10.65
Mon Nov 18 2024,10.7
Mon Nov 18 2024,10.72
Tue Nov 19 2024,10.89
Tue Nov 19 2024,10.81
Tue Nov 19 2024,10.87
Tue Nov 19 2024,10.94
Tue Nov 19 2024,10.96
Wed Nov 20 2024,10.97
Wed Nov 20 2024,11.36
Wed Nov 20 2024,11.13
Wed Nov 20 2024,11.17
Wed Nov 20 2024,11.22
Thu Nov 21 2024,11.31
Thu Nov 21 2024,11.37
Thu Nov 21 2024,11.43
Thu Nov 21 2024,11.52
Thu Nov 21 2024,11.69
Fri Nov 22 2024,11.68
Fri Nov 22 2024,12.08
Fri Nov 22 2024,12.01
Fri Nov 22 2024,11.96
Fri Nov 22 2024,12.09
Fri Nov 22 2024,12.17
Sat Nov 23 2024,12.15
Sat Nov 23 2024,12.11
Sat Nov 23 2024,11.95
Sat Nov 23 2024,11.74
Sat Nov 23 2024,11.49
Sat Nov 23 2024,11.64
Sun Nov 24 2024,11.85
Sun Nov 24 2024,11.62
Sun Nov 24 2024,11.72
Sun Nov 24 2024,11.87
Sun Nov 24 2024,11.97
Mon Nov 25 2024,11.83
Mon Nov 25 2024,11.76
Mon Nov 25 2024,11.72
Mon Nov 25 2024,11.69
Mon Nov 25 2024,11.64
Mon Nov 25 2024,11.59
Tue Nov 26 2024,11.45
Tue Nov 26 2024,11.3
Tue Nov 26 2024,11.41
Tue Nov 26 2024,11.33
Tue Nov 26 2024,11.3
Wed Nov 27 2024,11.18
Wed Nov 27 2024,11.11
Wed Nov 27 2024,11.17
Wed Nov 27 2024,11.12
Thu Nov 28 2024,11.06
Thu Nov 28 2024,11.1
Thu Nov 28 2024,11.12
Thu Nov 28 2024,11.14
Fri Nov 29 2024,11.12
Fri Nov 29 2024,11.14
Fri Nov 29 2024,11.17
Fri Nov 29 2024,11.18
Fri Nov 29 2024,11.13
Sat Nov 30 2024,11.14
Sat Nov 30 2024,11.1
Sat Nov 30 2024,11.09
Sun Dec 01 2024,11.08
Sun Dec 01 2024,11.11
Mon Dec 02 2024,11.06
Tue Dec 03 2024,11.08
Wed Dec 04 2024,11.11
Thu Dec 05 2024,11.14
Thu Dec 05 2024,11.13
Thu Dec 05 2024,11.14
Sat Dec 07 2024,11.13
Sat Dec 07 2024,11.1
Sat Dec 07 2024,11.11
Sun Dec 08 2024,11.1
Sun Dec 08 2024,11.09
Mon Dec 09 2024,11.07
Mon Dec 09 2024,11.08
Tue Dec 10 2024,11.07
Tue Dec 10 2024,11.09
Thu Dec 12 2024,11.08
Fri Dec 13 2024,11.09
Sun Dec 15 2024,11.08
Mon Dec 16 2024,11.07
Mon Dec 16 2024,11.08
Tue Dec 17 2024,11.09
Wed Dec 18 2024,11.16
Wed Dec 18 2024,11.22
Wed Dec 18 2024,11.21
Thu Dec 19 2024,11.27
Thu Dec 19 2024,11.36
Thu Dec 19 2024,11.26
Fri Dec 20 2024,11.25
Sat Dec 21 2024,11.2
Sat Dec 21 2024,11.19
Sat Dec 21 2024,11.18
Sat Dec 21 2024,11.17
Sun Dec 22 2024,11.11
Sun Dec 22 2024,11.15
Mon Dec 23 2024,11.12
Mon Dec 23 2024,11.14
Mon Dec 23 2024,11.15
Tue Dec 24 2024,11.1
Tue Dec 24 2024,11.11
Wed Dec 25 2024,11.1
Thu Dec 26 2024,11.11
Sun Dec 29 2024,11.1
Thu Jan 02 2025,11.09
Thu Jan 02 2025,11.1
Mon Jan 06 2025,11.09
Tue Jan 07 2025,11.12
Wed Jan 08 2025,11.17
Wed Jan 08 2025,11.22
Thu Jan 09 2025,11.29
Thu Jan 09 2025,11.24
Thu Jan 09 2025,11.27
Fri Jan 10 2025,11.22
Fri Jan 10 2025,11.19
Fri Jan 10 2025,11.21
Sat Jan 11 2025,11.17
Sat Jan 11 2025,11.18
Sun Jan 12 2025,11.2
Mon Jan 13 2025,11.21
Mon Jan 13 2025,11.22
Tue Jan 14 2025,11.23
Tue Jan 14 2025,11.24
Wed Jan 15 2025,11.27
Wed Jan 15 2025,11.32
Thu Jan 16 2025,11.28
Thu Jan 16 2025,11.31
Thu Jan 16 2025,11.32
Fri Jan 17 2025,11.31
Sat Jan 18 2025,11.29
Sat Jan 18 2025,11.3
Sat Jan 18 2025,11.31
Sun Jan 19 2025,11.33
Sun Jan 19 2025,11.39
Sun Jan 19 2025,11.54
Mon Jan 20 2025,11.48
Mon Jan 20 2025,11.4
Mon Jan 20 2025,11.35
Mon Jan 20 2025,11.33
Mon Jan 20 2025,11.37
Tue Jan 21 2025,11.35
Tue Jan 21 2025,11.37
Wed Jan 22 2025,11.36
Wed Jan 22 2025,11.3
Wed Jan 22 2025,11.31
Thu Jan 23 2025,11.29
Thu Jan 23 2025,11.33
Fri Jan 24 2025,11.32
Fri Jan 24 2025,11.3
Fri Jan 24 2025,11.31
Mon Jan 27 2025,11.3
Wed Jan 29 2025,11.29
Wed Jan 29 2025,11.28
Thu Jan 30 2025,11.26
Fri Jan 31 2025,11.23
Sat Feb 01 2025,11.17
Sat Feb 01 2025,11.2
Sat Feb 01 2025,11.19
Sun Feb 02 2025,11.23
Mon Feb 03 2025,11.22
Mon Feb 03 2025,11.2
Tue Feb 04 2025,11.19
Wed Feb 05 2025,11.2
Fri Feb 07 2025,11.19
Sat Feb 08 2025,11.18
Sun Feb 09 2025,11.19
Mon Feb 10 2025,11.18
Tue Feb 11 2025,11.2
Wed Feb 12 2025,11.21
Thu Feb 13 2025,11.22
Thu Feb 13 2025,11.23
Fri Feb 14 2025,11.2
Mon Feb 17 2025,11.22
Wed Feb 19 2025,11.23
Wed Feb 19 2025,11.25
Thu Feb 20 2025,11.27
Thu Feb 20 2025,11.28
Sat Feb 22 2025,11.27
Mon Feb 24 2025,11.26
Mon Feb 24 2025,11.28
Tue Feb 25 2025,11.3
Wed Feb 26 2025,11.31
Wed Feb 26 2025,11.36
Thu Feb 27 2025,11.42
Thu Feb 27 2025,11.39
Fri Feb 28 2025,11.4
Fri Feb 28 2025,11.36
Fri Feb 28 2025,11.37
Sat Mar 01 2025,11.34
Sun Mar 02 2025,11.32
Sun Mar 02 2025,11.33
Mon Mar 03 2025,11.32
Mon Mar 03 2025,11.29
Wed Mar 05 2025,11.28
Thu Mar 06 2025,11.29
Fri Mar 07 2025,11.28
Sat Mar 08 2025,11.26
Sat Mar 08 2025,11.27
Sun Mar 09 2025,11.26
Sun Mar 09 2025,11.27
Sun Mar 09 2025,11.28
Mon Mar 10 2025,11.27
Mon Mar 10 2025,11.3
Mon Mar 10 2025,11.34
Mon Mar 10 2025,11.32
Mon Mar 10 2025,11.33
Mon Mar 10 2025,11.36
Tue Mar 11 2025,11.41
Tue Mar 11 2025,11.38
Tue Mar 11 2025,11.34
Tue Mar 11 2025,11.35
Tue Mar 11 2025,11.41
Tue Mar 11 2025,11.4
Tue Mar 11 2025,11.39
Tue Mar 11 2025,11.43
Tue Mar 11 2025,11.47
Tue Mar 11 2025,11.49
Tue Mar 11 2025,11.48
Wed Mar 12 2025,11.51
Wed Mar 12 2025,11.94
Wed Mar 12 2025,11.74
Wed Mar 12 2025,11.89
Wed Mar 12 2025,11.83
Wed Mar 12 2025,11.8
Wed Mar 12 2025,11.83
Wed Mar 12 2025,11.9
Wed Mar 12 2025,11.89
Wed Mar 12 2025,11.96
Wed Mar 12 2025,11.99
Wed Mar 12 2025,11.97
Wed Mar 12 2025,11.98
Wed Mar 12 2025,12.01
Wed Mar 12 2025,12.02
Thu Mar 13 2025,12.09
Thu Mar 13 2025,12.08
Thu Mar 13 2025,12.14
Thu Mar 13 2025,12.26
Thu Mar 13 2025,12.36
Thu Mar 13 2025,12.33
Thu Mar 13 2025,12.38
Thu Mar 13 2025,12.46
Thu Mar 13 2025,12.48
Thu Mar 13 2025,12.49
Thu Mar 13 2025,12.47
Thu Mar 13 2025,12.24
Thu Mar 13 2025,12.27
Thu Mar 13 2025,12.18
Thu Mar 13 2025,12.08
Thu Mar 13 2025,12.18
Thu Mar 13 2025,12.22
Thu Mar 13 2025,12.28
Thu Mar 13 2025,12.34
Fri Mar 14 2025,12.3
Fri Mar 14 2025,12.26
Fri Mar 14 2025,12.24
Fri Mar 14 2025,12.18
Fri Mar 14 2025,12.14
Fri Mar 14 2025,12.17
Fri Mar 14 2025,12.18
Fri Mar 14 2025,12.15
Fri Mar 14 2025,12.06
Fri Mar 14 2025,12
Fri Mar 14 2025,11.98
Fri Mar 14 2025,11.96
Fri Mar 14 2025,11.94
Fri Mar 14 2025,11.85
Fri Mar 14 2025,11.75
Fri Mar 14 2025,11.78
Fri Mar 14 2025,11.8
Fri Mar 14 2025,11.82
Fri Mar 14 2025,11.83
Fri Mar 14 2025,11.8
Fri Mar 14 2025,11.79
Fri Mar 14 2025,11.81
Sat Mar 15 2025,11.78
Sat Mar 15 2025,11.72
Sat Mar 15 2025,11.75
Sat Mar 15 2025,11.72
Sat Mar 15 2025,11.71
Sat Mar 15 2025,11.72
Sat Mar 15 2025,11.73
Sat Mar 15 2025,11.74
Sat Mar 15 2025,11.78
Sat Mar 15 2025,11.8
Sun Mar 16 2025,11.77
Sun Mar 16 2025,11.76
Sun Mar 16 2025,11.74
Sun Mar 16 2025,11.75
Sun Mar 16 2025,11.78
Sun Mar 16 2025,11.79
Sun Mar 16 2025,11.81
Sun Mar 16 2025,11.93
Sun Mar 16 2025,11.96
Sun Mar 16 2025,11.97
Mon Mar 17 2025,11.96
Mon Mar 17 2025,11.93
Mon Mar 17 2025,11.88
Mon Mar 17 2025,11.82
Mon Mar 17 2025,11.81
Mon Mar 17 2025,11.78
Mon Mar 17 2025,11.77
Mon Mar 17 2025,11.78
Mon Mar 17 2025,11.82
Mon Mar 17 2025,11.87
Mon Mar 17 2025,11.86
Mon Mar 17 2025,11.83
Mon Mar 17 2025,11.82
Mon Mar 17 2025,11.83
Mon Mar 17 2025,11.84
Mon Mar 17 2025,11.85
Tue Mar 18 2025,11.83
Tue Mar 18 2025,11.81
Tue Mar 18 2025,11.83
Tue Mar 18 2025,11.84
Tue Mar 18 2025,11.85
Tue Mar 18 2025,11.86
Tue Mar 18 2025,11.87
Tue Mar 18 2025,11.89
Tue Mar 18 2025,11.9
Tue Mar 18 2025,11.89
Wed Mar 19 2025,11.91
Wed Mar 19 2025,11.92
Wed Mar 19 2025,11.94
Wed Mar 19 2025,11.96
Wed Mar 19 2025,11.93
Wed Mar 19 2025,11.96
Wed Mar 19 2025,11.98
Wed Mar 19 2025,11.99
Wed Mar 19 2025,12
Thu Mar 20 2025,11.99
Thu Mar 20 2025,12.01
Thu Mar 20 2025,12.04
Thu Mar 20 2025,12.05
Thu Mar 20 2025,12.04
Thu Mar 20 2025,12.05
Thu Mar 20 2025,12.04
Fri Mar 21 2025,12.03
Fri Mar 21 2025,12.02
Fri Mar 21 2025,12.01
Fri Mar 21 2025,12.03
Fri Mar 21 2025,12.04
Fri Mar 21 2025,12.05
Sat Mar 22 2025,12.02
Sat Mar 22 2025,12.01
Sat Mar 22 2025,12.02
Sat Mar 22 2025,12.03
Sun Mar 23 2025,12.05
Mon Mar 24 2025,12.06
Mon Mar 24 2025,12.05
Mon Mar 24 2025,12.06
Mon Mar 24 2025,12.09
Tue Mar 25 2025,12.1
Tue Mar 25 2025,12.11
Tue Mar 25 2025,12.14
Tue Mar 25 2025,12.17
Tue Mar 25 2025,12.2
Tue Mar 25 2025,12.16
Tue Mar 25 2025,12.17
Tue Mar 25 2025,12.18
Tue Mar 25 2025,12.19
Wed Mar 26 2025,12.2
Wed Mar 26 2025,12.19
Wed Mar 26 2025,12.22
Wed Mar 26 2025,12.28
Wed Mar 26 2025,12.3
Wed Mar 26 2025,12.29
Wed Mar 26 2025,12.3
Wed Mar 26 2025,12.32
Wed Mar 26 2025,12.34
Wed Mar 26 2025,12.36
Wed Mar 26 2025,12.39
Wed Mar 26 2025,12.45
Thu Mar 27 2025,12.48
Thu Mar 27 2025,12.42
Thu Mar 27 2025,12.4
Thu Mar 27 2025,12.32
Thu Mar 27 2025,12.37
Thu Mar 27 2025,12.36
Thu Mar 27 2025,12.38
Thu Mar 27 2025,12.41
Thu Mar 27 2025,12.42
Thu Mar 27 2025,12.41
Thu Mar 27 2025,12.42
Thu Mar 27 2025,12.43
Thu Mar 27 2025,12.45
Fri Mar 28 2025,12.43
Fri Mar 28 2025,12.42
Fri Mar 28 2025,12.39
Fri Mar 28 2025,12.38
Fri Mar 28 2025,12.4
Fri Mar 28 2025,12.41
Sat Mar 29 2025,12.4
Sat Mar 29 2025,12.39
Sat Mar 29 2025,12.4
Sat Mar 29 2025,12.39
Sat Mar 29 2025,12.4
Sun Mar 30 2025,12.39
Sun Mar 30 2025,12.42
Mon Mar 31 2025,12.4
Mon Mar 31 2025,12.39
Mon Mar 31 2025,12.41
Mon Mar 31 2025,12.43
Mon Mar 31 2025,12.44
Tue Apr 01 2025,12.43
Tue Apr 01 2025,12.42
Tue Apr 01 2025,12.43
Tue Apr 01 2025,12.44
Tue Apr 01 2025,12.43
Tue Apr 01 2025,12.44
Tue Apr 01 2025,12.46
Tue Apr 01 2025,12.48
Wed Apr 02 2025,12.47
Wed Apr 02 2025,12.48
Wed Apr 02 2025,12.53
Wed Apr 02 2025,12.65
Wed Apr 02 2025,12.62
Wed Apr 02 2025,12.6
Wed Apr 02 2025,12.61
Wed Apr 02 2025,12.59
Wed Apr 02 2025,12.6
Wed Apr 02 2025,12.64
Wed Apr 02 2025,12.66
Wed Apr 02 2025,12.65
Wed Apr 02 2025,12.67
Thu Apr 03 2025,12.66
Thu Apr 03 2025,12.69
Thu Apr 03 2025,12.78
Thu Apr 03 2025,12.89
Thu Apr 03 2025,12.82
Thu Apr 03 2025,12.71
Thu Apr 03 2025,12.74
Thu Apr 03 2025,12.75
Thu Apr 03 2025,12.76
Thu Apr 03 2025,12.8
Thu Apr 03 2025,12.84
Thu Apr 03 2025,12.86
Thu Apr 03 2025,12.84
Fri Apr 04 2025,12.82
Fri Apr 04 2025,12.81
Fri Apr 04 2025,12.82
Fri Apr 04 2025,12.86
Fri Apr 04 2025,12.88
Fri Apr 04 2025,12.84
Fri Apr 04 2025,12.85
Fri Apr 04 2025,12.87
Fri Apr 04 2025,12.89
Fri Apr 04 2025,12.88
Fri Apr 04 2025,12.87
Sat Apr 05 2025,12.86
Sat Apr 05 2025,12.87
Sat Apr 05 2025,12.86
Sat Apr 05 2025,12.87
Sun Apr 06 2025,12.88
Sun Apr 06 2025,12.89
Sun Apr 06 2025,12.94
Sun Apr 06 2025,12.99
Mon Apr 07 2025,12.97
Mon Apr 07 2025,12.95
Mon Apr 07 2025,12.93
Mon Apr 07 2025,12.92
Mon Apr 07 2025,12.95
Mon Apr 07 2025,12.94
Tue Apr 08 2025,12.99
Tue Apr 08 2025,13.02
Tue Apr 08 2025,13.09
Tue Apr 08 2025,13.07
Tue Apr 08 2025,13.09
Tue Apr 08 2025,13.1
Tue Apr 08 2025,13.11
Tue Apr 08 2025,13.13
Tue Apr 08 2025,13.15
Wed Apr 09 2025,13.16
Wed Apr 09 2025,13.21
Wed Apr 09 2025,13.29
Wed Apr 09 2025,13.33
Wed Apr 09 2025,13.4
Wed Apr 09 2025,13.47
Wed Apr 09 2025,13.49
Wed Apr 09 2025,13.46
Wed Apr 09 2025,13.31
Wed Apr 09 2025,13.27
Wed Apr 09 2025,13.26
Wed Apr 09 2025,13.25
Wed Apr 09 2025,13.33
Wed Apr 09 2025,13.43
Wed Apr 09 2025,13.37
Wed Apr 09 2025,13.36
Wed Apr 09 2025,13.35
Wed Apr 09 2025,13.37
Thu Apr 10 2025,13.36
Thu Apr 10 2025,13.37
Thu Apr 10 2025,13.4
Thu Apr 10 2025,13.42
Thu Apr 10 2025,13.44
Thu Apr 10 2025,13.47
Thu Apr 10 2025,13.49
Thu Apr 10 2025,13.52
Thu Apr 10 2025,13.51
Thu Apr 10 2025,13.54
Fri Apr 11 2025,13.55
Fri Apr 11 2025,13.58
Fri Apr 11 2025,13.54
Fri Apr 11 2025,13.52
Fri Apr 11 2025,13.5
Fri Apr 11 2025,13.49
Fri Apr 11 2025,13.48
Fri Apr 11 2025,13.47
Fri Apr 11 2025,13.48
Sat Apr 12 2025,13.45
Sat Apr 12 2025,13.39
Sat Apr 12 2025,13.42
Sat Apr 12 2025,13.4
Sat Apr 12 2025,13.36
Sat Apr 12 2025,13.34
Sat Apr 12 2025,13.32
Sat Apr 12 2025,13.33
Sat Apr 12 2025,13.34
Sat Apr 12 2025,13.35
Sun Apr 13 2025,13.37
Sun Apr 13 2025,13.38
Sun Apr 13 2025,13.4
Sun Apr 13 2025,13.43
Sun Apr 13 2025,13.42
Sun Apr 13 2025,13.41
Sun Apr 13 2025,13.42
Sun Apr 13 2025,13.45
Sun Apr 13 2025,13.48
Mon Apr 14 2025,13.45
Mon Apr 14 2025,13.39
Mon Apr 14 2025,13.41
Mon Apr 14 2025,13.42
Mon Apr 14 2025,13.45
Mon Apr 14 2025,13.44
Mon Apr 14 2025,13.43
Mon Apr 14 2025,13.42
Mon Apr 14 2025,13.43
Tue Apr 15 2025,13.42
Tue Apr 15 2025,13.43
Tue Apr 15 2025,13.43
Wed Apr 16 2025,13.42
Wed Apr 16 2025,13.44
Wed Apr 16 2025,13.48
Wed Apr 16 2025,13.47
Wed Apr 16 2025,13.48
Thu Apr 17 2025,13.49
Thu Apr 17 2025,13.47
Thu Apr 17 2025,13.5
Thu Apr 17 2025,13.52
Thu Apr 17 2025,13.55
Thu Apr 17 2025,13.51
Thu Apr 17 2025,13.52
Fri Apr 18 2025,13.51
Fri Apr 18 2025,13.5
Fri Apr 18 2025,13.51
Fri Apr 18 2025,13.52
Sat Apr 19 2025,13.5
Sat Apr 19 2025,13.48
Sat Apr 19 2025,13.46
Sat Apr 19 2025,13.47
Sat Apr 19 2025,13.48
Sat Apr 19 2025,13.47
Sun Apr 20 2025,13.48
Sun Apr 20 2025,13.49
Sun Apr 20 2025,13.48
Sun Apr 20 2025,13.49
Sun Apr 20 2025,13.5
Sun Apr 20 2025,13.54
Sun Apr 20 2025,13.55
Mon Apr 21 2025,13.53
Mon Apr 21 2025,13.51
Mon Apr 21 2025,13.5
Mon Apr 21 2025,13.48
Mon Apr 21 2025,13.47
Mon Apr 21 2025,13.5
Mon Apr 21 2025,13.52
Mon Apr 21 2025,13.51
Tue Apr 22 2025,13.52
Tue Apr 22 2025,13.53
Tue Apr 22 2025,13.52
Tue Apr 22 2025,13.53
Tue Apr 22 2025,13.55
Wed Apr 23 2025,13.56
Wed Apr 23 2025,13.57
Wed Apr 23 2025,13.56
Wed Apr 23 2025,13.58
Wed Apr 23 2025,13.68
Wed Apr 23 2025,13.71
Wed Apr 23 2025,13.64
Wed Apr 23 2025,13.62
Wed Apr 23 2025,13.63
Wed Apr 23 2025,13.65
Wed Apr 23 2025,13.69
Thu Apr 24 2025,13.67
Thu Apr 24 2025,13.64
Thu Apr 24 2025,13.68
Thu Apr 24 2025,13.72
Thu Apr 24 2025,13.74
Thu Apr 24 2025,13.8
Thu Apr 24 2025,16.18
Thu Apr 24 2025,15.44
Thu Apr 24 2025,14.27
Thu Apr 24 2025,14.43
Thu Apr 24 2025,14.06
Thu Apr 24 2025,14.15
Thu Apr 24 2025,14.11
Thu Apr 24 2025,14.03
Thu Apr 24 2025,14.19
Thu Apr 24 2025,14.33
Thu Apr 24 2025,14.21
Thu Apr 24 2025,14.12
Thu Apr 24 2025,14.11
Thu Apr 24 2025,14.06
Thu Apr 24 2025,14.14
Thu Apr 24 2025,14.2
Fri Apr 25 2025,14.11
Fri Apr 25 2025,14.28
Fri Apr 25 2025,14.22
Fri Apr 25 2025,14.07
Fri Apr 25 2025,14.14
Fri Apr 25 2025,14.18
Fri Apr 25 2025,14.22
Fri Apr 25 2025,14.28
Fri Apr 25 2025,14.33
Fri Apr 25 2025,14.37
Fri Apr 25 2025,14.34
Fri Apr 25 2025,14.23
Fri Apr 25 2025,14.14
Fri Apr 25 2025,14.13
Fri Apr 25 2025,14.1
Fri Apr 25 2025,14.16
Fri Apr 25 2025,14.2
Fri Apr 25 2025,14.24
Fri Apr 25 2025,14.25
Sat Apr 26 2025,14.24
Sat Apr 26 2025,14.21
Sat Apr 26 2025,14.2
Sat Apr 26 2025,14.24
Sat Apr 26 2025,14.22
Sat Apr 26 2025,14.23
Sat Apr 26 2025,14.25
Sat Apr 26 2025,14.26
Sun Apr 27 2025,14.27
Sun Apr 27 2025,14.3
Sun Apr 27 2025,14.33
Sun Apr 27 2025,14.29
Sun Apr 27 2025,14.3
Sun Apr 27 2025,14.31
Sun Apr 27 2025,14.36
Sun Apr 27 2025,14.46
Sun Apr 27 2025,14.59
Sun Apr 27 2025,14.55
Sun Apr 27 2025,14.53
Sun Apr 27 2025,14.54
Sun Apr 27 2025,14.59
Mon Apr 28 2025,14.58
Mon Apr 28 2025,14.56
Mon Apr 28 2025,14.57
Mon Apr 28 2025,14.58
Mon Apr 28 2025,14.55
Mon Apr 28 2025,14.58
Mon Apr 28 2025,14.67
Mon Apr 28 2025,14.71
Mon Apr 28 2025,14.73
Mon Apr 28 2025,14.74
Mon Apr 28 2025,14.78
Mon Apr 28 2025,14.85
Mon Apr 28 2025,14.96
Mon Apr 28 2025,15.01
Tue Apr 29 2025,15.06
Tue Apr 29 2025,15.01
Tue Apr 29 2025,15.03
Tue Apr 29 2025,15.19
Tue Apr 29 2025,15.23
Tue Apr 29 2025,15.21
Tue Apr 29 2025,15.23
Tue Apr 29 2025,15.2
Tue Apr 29 2025,15.23
Tue Apr 29 2025,15.22
Tue Apr 29 2025,15.2
Tue Apr 29 2025,15.23
Tue Apr 29 2025,15.26
Wed Apr 30 2025,15.24
Wed Apr 30 2025,15.23
Wed Apr 30 2025,15.25
Wed Apr 30 2025,15.26
Wed Apr 30 2025,15.28
Wed Apr 30 2025,15.29
Wed Apr 30 2025,15.27
Wed Apr 30 2025,15.24
Wed Apr 30 2025,15.26
Wed Apr 30 2025,15.29
Wed Apr 30 2025,15.31
Wed Apr 30 2025,15.35
Wed Apr 30 2025,15.34
Wed Apr 30 2025,15.33
Thu May 01 2025,15.32
Thu May 01 2025,15.34
Thu May 01 2025,15.4
Thu May 01 2025,15.41
Thu May 01 2025,15.4
Thu May 01 2025,15.34
Thu May 01 2025,15.31
Thu May 01 2025,15.28
Thu May 01 2025,15.29
Thu May 01 2025,15.27
Thu May 01 2025,15.29
Thu May 01 2025,15.27
Thu May 01 2025,15.29
Thu May 01 2025,15.32
Thu May 01 2025,15.36
Thu May 01 2025,15.38
Fri May 02 2025,15.35
Fri May 02 2025,15.32
Fri May 02 2025,15.29
Fri May 02 2025,15.28
Fri May 02 2025,15.26
Fri May 02 2025,15.23
Fri May 02 2025,15.2
Fri May 02 2025,15.18
Fri May 02 2025,15.22
Fri May 02 2025,15.23
Fri May 02 2025,15.24
Fri May 02 2025,15.23
Sat May 03 2025,15.2
Sat May 03 2025,15.22
Sat May 03 2025,15.21
Sat May 03 2025,15.19
Sat May 03 2025,15.15
Sat May 03 2025,15.13
Sat May 03 2025,15.12
Sat May 03 2025,15.16
Sat May 03 2025,15.2
Sat May 03 2025,15.18
Sat May 03 2025,15.17
Sat May 03 2025,15.18
Sat May 03 2025,15.2
Sat May 03 2025,15.21
Sun May 04 2025,15.2
Sun May 04 2025,15.19
Sun May 04 2025,15.17
Sun May 04 2025,15.18
Sun May 04 2025,15.19
Sun May 04 2025,15.21
Sun May 04 2025,15.24
Mon May 05 2025,15.23
Mon May 05 2025,15.21
Mon May 05 2025,15.2
Mon May 05 2025,15.19
Mon May 05 2025,15.18
Mon May 05 2025,15.16
Mon May 05 2025,15.14
Mon May 05 2025,15.15
Mon May 05 2025,15.17
Mon May 05 2025,15.19
Mon May 05 2025,15.2
Mon May 05 2025,15.21
Tue May 06 2025,15.2
Tue May 06 2025,15.19
Tue May 06 2025,15.2
Tue May 06 2025,15.22
Tue May 06 2025,15.29
Tue May 06 2025,15.26
Tue May 06 2025,15.27
Tue May 06 2025,15.29
Wed May 07 2025,15.27
Wed May 07 2025,15.26
Wed May 07 2025,15.27
Wed May 07 2025,15.29
Wed May 07 2025,15.26
Wed May 07 2025,15.3
Wed May 07 2025,15.34
Wed May 07 2025,15.32
Wed May 07 2025,15.3
Wed May 07 2025,15.34
Wed May 07 2025,15.35
Wed May 07 2025,15.36
Thu May 08 2025,15.38
Thu May 08 2025,15.4
Thu May 08 2025,15.42
Thu May 08 2025,15.47
Thu May 08 2025,15.48
Thu May 08 2025,15.46
Thu May 08 2025,15.47
Thu May 08 2025,15.48
Thu May 08 2025,15.47
Thu May 08 2025,15.46
Thu May 08 2025,15.47
Thu May 08 2025,15.48
Thu May 08 2025,15.49
Fri May 09 2025,15.48
Fri May 09 2025,15.45
Fri May 09 2025,15.46
Fri May 09 2025,15.48
Fri May 09 2025,15.49
Fri May 09 2025,15.48
Fri May 09 2025,15.47
Fri May 09 2025,15.49
Fri May 09 2025,15.48
Sat May 10 2025,15.47
Sat May 10 2025,15.46
Sat May 10 2025,15.43
Sat May 10 2025,15.44
Sat May 10 2025,15.46
Sun May 11 2025,15.45
Sun May 11 2025,15.44
Sun May 11 2025,15.45
Sun May 11 2025,15.46
Sun May 11 2025,15.48
Sun May 11 2025,15.5
Sun May 11 2025,15.51
Mon May 12 2025,15.49
Mon May 12 2025,15.47
Mon May 12 2025,15.5
Mon May 12 2025,15.54
Mon May 12 2025,15.61
Mon May 12 2025,15.62
Mon May 12 2025,15.6
Mon May 12 2025,15.61
Mon May 12 2025,15.62
Mon May 12 2025,15.63
Mon May 12 2025,15.64
Tue May 13 2025,15.63
Tue May 13 2025,15.69
Tue May 13 2025,15.72
Tue May 13 2025,15.79
Tue May 13 2025,15.97
Tue May 13 2025,16.14
Tue May 13 2025,15.94
Tue May 13 2025,15.85
Tue May 13 2025,15.89
Tue May 13 2025,15.97
Tue May 13 2025,16.01
Tue May 13 2025,16.08
Tue May 13 2025,16.04
Tue May 13 2025,16.02
Tue May 13 2025,16.04
Tue May 13 2025,16.07
Tue May 13 2025,16.1
Wed May 14 2025,16.08
Wed May 14 2025,16.14
Wed May 14 2025,16.27
Wed May 14 2025,16.36
Wed May 14 2025,16.47
Wed May 14 2025,16.55
Wed May 14 2025,16.62
Wed May 14 2025,16.69
Wed May 14 2025,16.65
Wed May 14 2025,16.64
Wed May 14 2025,16.61
Wed May 14 2025,16.59
Wed May 14 2025,16.62
Wed May 14 2025,16.67
Wed May 14 2025,16.74
Wed May 14 2025,16.99
Wed May 14 2025,17.2
Wed May 14 2025,17.31
Wed May 14 2025,17.21
Wed May 14 2025,17.25
Wed May 14 2025,17.38
Wed May 14 2025,17.5
Wed May 14 2025,17.66
Wed May 14 2025,17.91
Thu May 15 2025,17.98
Thu May 15 2025,18.21
Thu May 15 2025,18.24
Thu May 15 2025,18.83
Thu May 15 2025,18.63
Thu May 15 2025,17.71
Thu May 15 2025,17.81
Thu May 15 2025,17.82
Thu May 15 2025,18.04
Thu May 15 2025,18
Thu May 15 2025,17.92
Thu May 15 2025,17.83
Thu May 15 2025,17.56
Thu May 15 2025,17.52
Thu May 15 2025,17.72
Thu May 15 2025,17.78
Thu May 15 2025,17.96
Thu May 15 2025,17.94
Thu May 15 2025,17.98
Thu May 15 2025,17.99
Thu May 15 2025,18.01
Thu May 15 2025,18.07
Thu May 15 2025,18.2
Thu May 15 2025,18.31
Thu May 15 2025,18.26
Thu May 15 2025,18.25
Thu May 15 2025,18.27
Thu May 15 2025,18.28
Fri May 16 2025,18.26
Fri May 16 2025,18.07
Fri May 16 2025,18.11
Fri May 16 2025,18.04
Fri May 16 2025,17.99
Fri May 16 2025,17.85
Fri May 16 2025,17.86
Fri May 16 2025,17.87
Fri May 16 2025,17.81
Fri May 16 2025,17.78
Fri May 16 2025,17.77
Fri May 16 2025,17.79
Fri May 16 2025,17.8
Fri May 16 2025,17.78
Fri May 16 2025,17.8
Fri May 16 2025,17.78
Fri May 16 2025,17.79
Fri May 16 2025,17.78
Fri May 16 2025,17.8
Fri May 16 2025,17.81
Fri May 16 2025,17.78
Fri May 16 2025,17.79
Sat May 17 2025,17.76
Sat May 17 2025,17.75
Sat May 17 2025,17.68
Sat May 17 2025,17.61
Sat May 17 2025,17.58
Sat May 17 2025,17.56
Sat May 17 2025,17.54
Sat May 17 2025,17.55
Sat May 17 2025,17.51
Sat May 17 2025,17.47
Sat May 17 2025,17.43
Sat May 17 2025,17.33
Sat May 17 2025,17.46
Sat May 17 2025,17.42
Sat May 17 2025,17.44
Sat May 17 2025,17.45
Sat May 17 2025,17.46
Sat May 17 2025,17.5
Sat May 17 2025,17.53
Sat May 17 2025,17.58
Sat May 17 2025,17.63
Sun May 18 2025,17.71
Sun May 18 2025,17.58
Sun May 18 2025,17.56
Sun May 18 2025,17.52
Sun May 18 2025,17.5
Sun May 18 2025,17.51
Sun May 18 2025,17.49
Sun May 18 2025,17.47
Sun May 18 2025,17.46
Sun May 18 2025,17.54
Sun May 18 2025,17.61
Sun May 18 2025,17.65
Sun May 18 2025,17.93
Sun May 18 2025,17.81
Sun May 18 2025,17.8
Sun May 18 2025,17.85
Sun May 18 2025,17.92
Sun May 18 2025,17.95
Sun May 18 2025,17.92
Sun May 18 2025,17.93
Sun May 18 2025,17.97
Mon May 19 2025,17.94
Mon May 19 2025,17.9
Mon May 19 2025,17.8
Mon May 19 2025,17.75
Mon May 19 2025,17.7
Mon May 19 2025,17.57
Mon May 19 2025,17.53
Mon May 19 2025,17.52
Mon May 19 2025,17.46
Mon May 19 2025,17.49
Mon May 19 2025,17.55
Mon May 19 2025,17.61
Mon May 19 2025,17.57
Mon May 19 2025,17.55
Mon May 19 2025,17.54
Mon May 19 2025,17.52
Mon May 19 2025,17.55
Mon May 19 2025,17.57
Mon May 19 2025,17.58
Tue May 20 2025,17.57
Tue May 20 2025,17.53
Tue May 20 2025,17.51
Tue May 20 2025,17.48
Tue May 20 2025,17.46
Tue May 20 2025,17.44
Tue May 20 2025,17.46
Tue May 20 2025,17.45
Tue May 20 2025,17.47
Tue May 20 2025,17.51
Wed May 21 2025,17.5
Wed May 21 2025,17.46
Wed May 21 2025,17.45
Wed May 21 2025,17.47
Wed May 21 2025,17.44
Wed May 21 2025,17.43
Wed May 21 2025,17.46
Wed May 21 2025,17.47
Wed May 21 2025,17.46
Wed May 21 2025,17.48
Wed May 21 2025,17.5
Thu May 22 2025,17.48
Thu May 22 2025,17.47
Thu May 22 2025,17.45
Thu May 22 2025,17.46
Thu May 22 2025,17.44
Thu May 22 2025,17.45
Thu May 22 2025,17.46
Fri May 23 2025,17.44
Fri May 23 2025,17.42
Fri May 23 2025,17.41
Fri May 23 2025,17.36
Fri May 23 2025,17.28
Fri May 23 2025,17.26
Fri May 23 2025,17.22
Fri May 23 2025,17.25
Fri May 23 2025,17.28
Fri May 23 2025,17.36
Fri May 23 2025,17.34
Fri May 23 2025,17.29
Fri May 23 2025,17.24
Fri May 23 2025,17.19
Fri May 23 2025,17.21
Fri May 23 2025,17.23
Fri May 23 2025,17.16
Fri May 23 2025,16.81
Fri May 23 2025,16.97
Fri May 23 2025,16.78
Fri May 23 2025,16.46
Fri May 23 2025,16.57
Fri May 23 2025,16.81
Fri May 23 2025,17.03
Sat May 24 2025,17.05
Sat May 24 2025,16.98
Sat May 24 2025,16.81
Sat May 24 2025,16.72
Sat May 24 2025,16.48
Sat May 24 2025,16.43
Sat May 24 2025,16.35
Sat May 24 2025,16.38
Sat May 24 2025,16.4
Sat May 24 2025,16.43
Sat May 24 2025,16.47
Sat May 24 2025,16.6
Sat May 24 2025,16.73
Sat May 24 2025,16.77
Sat May 24 2025,16.67
Sat May 24 2025,16.63
Sat May 24 2025,16.61
Sat May 24 2025,16.56
Sat May 24 2025,16.55
Sat May 24 2025,16.58
Sat May 24 2025,16.54
Sat May 24 2025,16.53
Sat May 24 2025,16.54
Sat May 24 2025,16.56
Sat May 24 2025,16.62
Sat May 24 2025,16.64
Sun May 25 2025,16.6
Sun May 25 2025,16.57
Sun May 25 2025,16.58
Sun May 25 2025,16.62
Sun May 25 2025,16.6
Sun May 25 2025,16.55
Sun May 25 2025,16.51
Sun May 25 2025,16.52
Sun May 25 2025,16.5
Sun May 25 2025,16.52
Sun May 25 2025,16.56
Sun May 25 2025,16.61
Sun May 25 2025,16.6
Sun May 25 2025,16.62
Sun May 25 2025,16.66
Mon May 26 2025,16.61
Mon May 26 2025,16.53
Mon May 26 2025,16.49
Mon May 26 2025,16.46
Mon May 26 2025,16.43
Mon May 26 2025,16.44
Mon May 26 2025,16.45
Mon May 26 2025,16.42
Mon May 26 2025,16.41
Mon May 26 2025,16.39
Mon May 26 2025,16.36
Mon May 26 2025,16.35
Mon May 26 2025,16.33
Mon May 26 2025,16.35
Mon May 26 2025,16.37
Tue May 27 2025,16.36
Tue May 27 2025,16.34
Tue May 27 2025,16.35
Tue May 27 2025,16.3
Tue May 27 2025,16.24
Tue May 27 2025,16.25
Tue May 27 2025,16.29
Tue May 27 2025,16.28
Tue May 27 2025,16.26
Tue May 27 2025,16.24
Tue May 27 2025,16.25
Tue May 27 2025,16.27
Tue May 27 2025,16.3
Tue May 27 2025,16.36
Tue May 27 2025,16.35
Tue May 27 2025,16.31
Tue May 27 2025,16.33
Tue May 27 2025,16.34
Tue May 27 2025,16.33
Wed May 28 2025,16.31
Wed May 28 2025,16.28
Wed May 28 2025,16.3
Wed May 28 2025,16.34
Wed May 28 2025,16.32
Wed May 28 2025,16.33
Wed May 28 2025,16.37
Wed May 28 2025,16.38
Wed May 28 2025,16.37
Wed May 28 2025,16.39
Wed May 28 2025,16.43
Wed May 28 2025,16.45
Wed May 28 2025,16.48
Thu May 29 2025,16.47
Thu May 29 2025,16.44
Thu May 29 2025,16.42
Thu May 29 2025,16.47
Thu May 29 2025,16.91
Thu May 29 2025,16.66
Thu May 29 2025,16.56
Thu May 29 2025,16.52
Thu May 29 2025,16.51
Thu May 29 2025,16.49
Thu May 29 2025,16.52
Thu May 29 2025,16.54
Thu May 29 2025,16.61
Thu May 29 2025,16.58
Thu May 29 2025,16.56
Thu May 29 2025,16.55
Thu May 29 2025,16.56
Fri May 30 2025,16.54
Fri May 30 2025,16.51
Fri May 30 2025,16.53
Fri May 30 2025,16.5
Fri May 30 2025,16.47
Fri May 30 2025,16.44
Fri May 30 2025,16.45
Fri May 30 2025,16.47
Fri May 30 2025,16.46
Fri May 30 2025,16.44
Fri May 30 2025,16.41
Fri May 30 2025,16.42
Sat May 31 2025,16.45
Sat May 31 2025,16.44
Sat May 31 2025,16.42
Sat May 31 2025,16.39
Sat May 31 2025,16.37
Sat May 31 2025,16.35
Sat May 31 2025,16.3
Sat May 31 2025,16.33
Sat May 31 2025,16.35
Sat May 31 2025,16.36
Sat May 31 2025,16.38
Sat May 31 2025,16.37
Sat May 31 2025,16.39
Sat May 31 2025,16.4
Sun Jun 01 2025,16.38
Sun Jun 01 2025,16.39
Sun Jun 01 2025,16.38
Sun Jun 01 2025,16.37
Sun Jun 01 2025,16.38
Sun Jun 01 2025,16.41
Sun Jun 01 2025,16.44
Sun Jun 01 2025,16.43
Sun Jun 01 2025,16.42
Sun Jun 01 2025,16.41
Mon Jun 02 2025,16.37
Mon Jun 02 2025,16.33
Mon Jun 02 2025,16.32
Mon Jun 02 2025,16.33
Mon Jun 02 2025,16.36
Mon Jun 02 2025,16.38
Mon Jun 02 2025,16.39
Tue Jun 03 2025,16.37
Tue Jun 03 2025,16.36
Tue Jun 03 2025,16.34
Tue Jun 03 2025,16.33
Tue Jun 03 2025,16.34
Tue Jun 03 2025,16.35
Tue Jun 03 2025,16.34
Tue Jun 03 2025,16.35
Wed Jun 04 2025,16.34
Wed Jun 04 2025,16.33
Wed Jun 04 2025,16.34
Wed Jun 04 2025,16.37
Wed Jun 04 2025,16.38
Wed Jun 04 2025,16.39
Thu Jun 05 2025,16.37
Thu Jun 05 2025,16.36
Thu Jun 05 2025,16.35
Thu Jun 05 2025,16.34
Thu Jun 05 2025,16.36
Thu Jun 05 2025,16.37
Thu Jun 05 2025,16.38
Thu Jun 05 2025,16.37
Fri Jun 06 2025,16.35
Fri Jun 06 2025,16.36
Fri Jun 06 2025,16.35
Fri Jun 06 2025,16.36
Sat Jun 07 2025,16.35
Sat Jun 07 2025,16.34
Sat Jun 07 2025,16.33
Sat Jun 07 2025,16.34
Sun Jun 08 2025,16.33
Sun Jun 08 2025,16.31
Sun Jun 08 2025,16.3
Sun Jun 08 2025,16.31
Sun Jun 08 2025,16.32
Sun Jun 08 2025,16.33
Mon Jun 09 2025,16.3
Mon Jun 09 2025,16.27
Mon Jun 09 2025,16.26
Mon Jun 09 2025,16.27
Mon Jun 09 2025,16.29
Tue Jun 10 2025,16.28
Tue Jun 10 2025,16.3
Tue Jun 10 2025,16.29
Tue Jun 10 2025,16.3
Tue Jun 10 2025,16.31
Tue Jun 10 2025,16.31
Wed Jun 11 2025,16.3
Wed Jun 11 2025,16.31
Wed Jun 11 2025,16.33
Wed Jun 11 2025,16.34
Thu Jun 12 2025,16.36
Thu Jun 12 2025,16.37
Thu Jun 12 2025,16.38
Fri Jun 13 2025,16.36
Fri Jun 13 2025,16.35
Fri Jun 13 2025,16.34
Sat Jun 14 2025,16.31
Sat Jun 14 2025,16.3
Sat Jun 14 2025,16.31
Sat Jun 14 2025,16.3
Sat Jun 14 2025,16.32
Sun Jun 15 2025,16.31
Sun Jun 15 2025,16.29
Sun Jun 15 2025,16.28
Sun Jun 15 2025,16.29
Sun Jun 15 2025,16.3
Sun Jun 15 2025,16.32
Sun Jun 15 2025,16.33
Mon Jun 16 2025,16.3
Mon Jun 16 2025,16.29
Mon Jun 16 2025,16.3
Mon Jun 16 2025,16.32
Mon Jun 16 2025,16.31
Mon Jun 16 2025,16.32
Mon Jun 16 2025,16.31
Tue Jun 17 2025,16.3
Tue Jun 17 2025,16.31
Tue Jun 17 2025,16.3
Tue Jun 17 2025,16.31
Tue Jun 17 2025,16.32
Tue Jun 17 2025,16.31
Wed Jun 18 2025,16.3
Wed Jun 18 2025,16.29
Wed Jun 18 2025,16.28
Wed Jun 18 2025,16.29
Wed Jun 18 2025,16.31
Thu Jun 19 2025,16.3
Thu Jun 19 2025,16.29
Thu Jun 19 2025,16.27
Thu Jun 19 2025,16.25
Thu Jun 19 2025,16.23
Fri Jun 20 2025,16.17
Fri Jun 20 2025,16.13
Fri Jun 20 2025,15.96
Fri Jun 20 2025,15.9
Fri Jun 20 2025,15.84
Fri Jun 20 2025,15.75
Fri Jun 20 2025,15.99
Fri Jun 20 2025,16.03
Fri Jun 20 2025,16.1
Fri Jun 20 2025,16.14
Fri Jun 20 2025,16.19
Fri Jun 20 2025,16.23
Fri Jun 20 2025,16.19
Fri Jun 20 2025,16.18
Fri Jun 20 2025,16.19
Fri Jun 20 2025,16.16
Fri Jun 20 2025,16.13
Fri Jun 20 2025,16.14
Fri Jun 20 2025,16.13
Fri Jun 20 2025,16.12
Fri Jun 20 2025,16.13
Sat Jun 21 2025,16.1
Sat Jun 21 2025,16.07
Sat Jun 21 2025,16.03
Sat Jun 21 2025,16.01
Sat Jun 21 2025,15.99
Sat Jun 21 2025,15.94
Sat Jun 21 2025,15.95
Sat Jun 21 2025,15.96
Sat Jun 21 2025,15.95
Sat Jun 21 2025,15.97
Sat Jun 21 2025,15.96
Sat Jun 21 2025,15.95
Sat Jun 21 2025,15.97
Sun Jun 22 2025,15.95
Sun Jun 22 2025,15.96
Sun Jun 22 2025,15.99
Sun Jun 22 2025,16
Sun Jun 22 2025,16.01
Sun Jun 22 2025,16.08
Sun Jun 22 2025,16.07
Sun Jun 22 2025,16.05
Sun Jun 22 2025,16.07
Sun Jun 22 2025,16.1
Sun Jun 22 2025,16.11
Sun Jun 22 2025,16.12
Sun Jun 22 2025,16.13
Sun Jun 22 2025,16.1
Sun Jun 22 2025,16.09
Sun Jun 22 2025,16.1
Sun Jun 22 2025,16.09
Sun Jun 22 2025,16.1
Sun Jun 22 2025,16.11
Mon Jun 23 2025,16.1
Mon Jun 23 2025,16.09
Mon Jun 23 2025,16.1
Mon Jun 23 2025,16.09
Mon Jun 23 2025,16.08
Mon Jun 23 2025,16.06
Mon Jun 23 2025,16.05
Mon Jun 23 2025,16.04
Mon Jun 23 2025,16.03
Mon Jun 23 2025,16.02
Mon Jun 23 2025,16.02
Mon Jun 23 2025,16.04
Mon Jun 23 2025,16.05
Mon Jun 23 2025,16.07
Mon Jun 23 2025,16.05
Mon Jun 23 2025,16.03
Mon Jun 23 2025,16.02
Mon Jun 23 2025,16.03
Mon Jun 23 2025,16.02
Mon Jun 23 2025,16.01
Mon Jun 23 2025,16.02
Mon Jun 23 2025,16.03
Mon Jun 23 2025,16.03
Mon Jun 23 2025,16.04
Mon Jun 23 2025,16.03
Mon Jun 23 2025,16.04
Mon Jun 23 2025,16.05
Mon Jun 23 2025,16.04
Mon Jun 23 2025,16.05
Mon Jun 23 2025,16.05
Mon Jun 23 2025,16.05
Mon Jun 23 2025,16.06
Tue Jun 24 2025,16.05
Tue Jun 24 2025,16.06
Tue Jun 24 2025,16.05
Tue Jun 24 2025,16.06
Tue Jun 24 2025,16.05
Tue Jun 24 2025,16.04
Tue Jun 24 2025,16.03
Tue Jun 24 2025,16.04
Tue Jun 24 2025,16.03
Tue Jun 24 2025,16.02
Tue Jun 24 2025,16.01
Tue Jun 24 2025,16
Tue Jun 24 2025,16.01
Tue Jun 24 2025,16.02
Tue Jun 24 2025,16.02
Tue Jun 24 2025,16.02
Tue Jun 24 2025,16.01
Tue Jun 24 2025,16.02
Tue Jun 24 2025,16.03
Tue Jun 24 2025,16.04
Wed Jun 25 2025,16.03
Wed Jun 25 2025,16.02
Wed Jun 25 2025,16.03
Wed Jun 25 2025,16.02
Wed Jun 25 2025,16.02
Wed Jun 25 2025,16.03
Wed Jun 25 2025,16.03
Wed Jun 25 2025,16.02
Wed Jun 25 2025,16.03
Wed Jun 25 2025,16.02
Wed Jun 25 2025,16.03
Wed Jun 25 2025,16.02
Wed Jun 25 2025,16.03
Wed Jun 25 2025,16.04
Thu Jun 26 2025,16.03
Thu Jun 26 2025,16.02
Thu Jun 26 2025,16.03
Thu Jun 26 2025,16.02
Thu Jun 26 2025,16.03
Thu Jun 26 2025,16.02
Thu Jun 26 2025,16.01